<?xml version="1.0" encoding="utf-8"?>

<document xmlns:xtf="http://cdlib.org/xtf">
    <title xtf:meta="yes" xtf:tokenize="no">The Opening of the Apartheid Mind: Options for the New South Africa</title>
    <creator xtf:meta="yes" xtf:tokenize="no">Heribert Adam and Kogila Moodley</creator>
    <subject xtf:meta="yes">African Studies</subject>
    <subject xtf:meta="true">Politics</subject>
    <subject xtf:meta="true">African History</subject>
    <description xtf:meta="true">Refusing to be governed by what is fashionable or inoffensive, Heribert Adam and Kogila Moodley frankly address the passions and rationalities that drive politics in post-apartheid South Africa. They argue that the country's quest for democracy is widely misunderstood and that public opinion abroad relies on stereotypes of violent tribalism and false colonial analogies.Adam and Moodley criticize the personality cult surrounding Nelson Mandela and the accolades accorded F. W. de Klerk. They reject the black-versus-white conflict and substitute sober analysis and strategic pragmatism for the moral outrage that typifies so much writing about South Africa. Believing that the best expression of solidarity emanates from sympathetic but candid criticism, they pose challenging questions for the African National Congress and Nelson Mandela. They give in-depth coverage to political violence, the ANC-South African Communist Party alliance, Inkatha, and other controversial topics as well.The authors do not propose a solution that will guarantee a genuinely democratic South Africa. What they offer is an understanding of the country's social conditions and political constraints, and they sketch options for both a new South Africa and a new post-Cold War foreign policy for the whole of southern Africa. The importance of this book is as immediate as today's headlines.</description>
    <date xtf:meta="true" xtf:tokenize="no">19930628</date>
    <type xtf:meta="true">text</type>
    <identifier xtf:meta="true">http://ark.cdlib.org/ark:/13030/ft958009mm</identifier>
    <relation xtf:meta="true">http://www.ucpress.edu/</relation>
    <relation xtf:meta="true">http://escholarship.cdlib.org/</relation>
    <rights xtf:meta="true" xtf:tokenize="no">Public</rights>
    <special xtf:meta="true" xtf:tokenize="false">B</special>
</document>