<?xml version="1.0" encoding="utf-8"?>

<TEI.2 id="ft1c6003wp" xmlns:xtf="http://cdlib.org/xtf">
   <title xtf:meta="true" xtf:tokenize="no">California Riparian Systems: Ecology, Conservation, and Productive Management</title>
   <creator xtf:meta="true" xtf:tokenize="no">Richard E. Warner and Kathleen M. Hendrix, editors</creator>
   <subject xtf:meta="true">Environmental Studies</subject>
   <subject xtf:meta="true">California and the West</subject>
   <description xtf:meta="true">This volume presents 135 of the papers presented at the 1981 California Riparian Systems Conference. The papers address all aspects of riparian systems: habitat, wildlife, land management, land use policy planning, conservation and water resource management.</description>
   <date xtf:meta="yes" xtf:tokenize="no">19841203</date>
   <type xtf:meta="true">text</type>
   <identifier xtf:meta="yes">http://ark.cdlib.org/ark:/13030/ft1c6003wp</identifier>
   <relation xtf:meta="true">http://www.ucpress.edu/</relation>
   <relation xtf:meta="yes">http://escholarship.cdlib.org/</relation>
   <rights xtf:meta="true" xtf:tokenize="no">Public</rights>
</TEI.2>