<?xml version="1.0" encoding="UTF-8"?>
<crossQueryResult totalDocs="2" startDoc="1" endDoc="2">
   <docHit rank="1" file="doc4.pdf" totalHits="13">
      <snippet rank="1">out the hidden complexities of <hit>
            <term>image</term> 
            <term>capture</term>
         </hit> and project planning, without ever</snippet>
      <snippet rank="2">Best Practices for <hit>
            <term>Image</term> 
            <term>Capture</term>
         </hit> 1 Version 1.0 February 2001 Maintained by the</snippet>
      <snippet rank="3">at the end of this document. Because <hit>
            <term>image</term> 
            <term>capture</term>
         </hit> capabilities are changing so</snippet>
   </docHit>
   <docHit rank="2" file="doc2.htm" totalHits="1">
      <snippet rank="1">Type in your search using <hit>
            <term>index</term> 
            <term>codes</term>
         </hit> and search terms, using connectors (and,</snippet>
   </docHit>
</crossQueryResult>
